{"cameraMode":{"drawMode":0,"name":"Shaded","section":"Shading Mode"},"sceneLighting":true,"audioPlay":false,"sceneViewState":{"showFog":true,"showMaterialUpdate":false,"showSkybox":true,"showFlares":true,"showImageEffects":true,"showParticleSystems":true},"in2DMode":false,"pivot":{"x":-0.13659453392028809,"y":0.30852556228637698,"z":-0.05314207077026367},"rotation":{"x":-0.007351981941610575,"y":0.9869171977043152,"z":-0.15401673316955567,"w":-0.04711078107357025},"size":3.20808482170105,"orthographic":false}