{"cameraMode":{"drawMode":0,"name":"Shaded","section":"Shading Mode"},"sceneLighting":true,"audioPlay":false,"sceneViewState":{"showFog":true,"showMaterialUpdate":false,"showSkybox":true,"showFlares":true,"showImageEffects":true,"showParticleSystems":true},"in2DMode":false,"pivot":{"x":0.6401845216751099,"y":0.5235418081283569,"z":-0.3383774757385254},"rotation":{"x":-0.16442833840847016,"y":-0.03903722018003464,"z":0.006519163493067026,"w":-0.9855947494506836},"size":2.6792213916778566,"orthographic":false}