{"cameraMode":{"drawMode":0,"name":"Shaded","section":"Shading Mode"},"sceneLighting":true,"audioPlay":false,"sceneViewState":{"showFog":true,"showMaterialUpdate":false,"showSkybox":true,"showFlares":true,"showImageEffects":true,"showParticleSystems":true},"in2DMode":false,"pivot":{"x":0.05906272307038307,"y":1.6016252040863038,"z":1.6789082288742066},"rotation":{"x":-0.04871530458331108,"y":-0.4777129590511322,"z":0.026528701186180116,"w":-0.8767629861831665},"size":2.4219272136688234,"orthographic":true}