{"cameraMode":{"drawMode":0,"name":"Shaded","section":"Shading Mode"},"sceneLighting":false,"audioPlay":false,"sceneViewState":{"showFog":true,"showMaterialUpdate":false,"showSkybox":true,"showFlares":true,"showImageEffects":true,"showParticleSystems":true},"in2DMode":false,"pivot":{"x":-0.3680453300476074,"y":0.33275890350341799,"z":0.30597129464149477},"rotation":{"x":-0.2598142623901367,"y":0.6095480918884277,"z":-0.22133439779281617,"w":-0.7155129313468933},"size":5.3659987449646,"orthographic":false}