{"cameraMode":{"drawMode":0,"name":"Shaded","section":"Shading Mode"},"sceneLighting":false,"audioPlay":false,"sceneViewState":{"showFog":true,"showMaterialUpdate":false,"showSkybox":true,"showFlares":true,"showImageEffects":true,"showParticleSystems":true},"in2DMode":false,"pivot":{"x":-0.026000002399086953,"y":1.7300000190734864,"z":3.066999912261963},"rotation":{"x":0.0599115826189518,"y":-0.915154755115509,"z":0.14815686643123628,"w":0.37007036805152895},"size":0.7679150700569153,"orthographic":true}