{"cameraMode":{"drawMode":0,"name":"Shaded","section":"Shading Mode"},"sceneLighting":false,"audioPlay":false,"sceneViewState":{"showFog":true,"showMaterialUpdate":false,"showSkybox":true,"showFlares":true,"showImageEffects":true,"showParticleSystems":true},"in2DMode":false,"pivot":{"x":-0.07999999076128006,"y":-0.05342593789100647,"z":0.007432267069816589},"rotation":{"x":-0.24796031415462495,"y":0.6505086421966553,"z":-0.23819972574710847,"w":-0.6772112250328064},"size":0.8434483408927918,"orthographic":false}