{"cameraMode":{"drawMode":0,"name":"Shaded","section":"Shading Mode"},"sceneLighting":false,"audioPlay":false,"sceneViewState":{"showFog":true,"showMaterialUpdate":false,"showSkybox":true,"showFlares":true,"showImageEffects":true,"showParticleSystems":true},"in2DMode":false,"pivot":{"x":-0.01318986713886261,"y":-0.12429660558700562,"z":0.318817675113678},"rotation":{"x":-0.19546422362327577,"y":0.6956390738487244,"z":-0.20608077943325044,"w":-0.6598566770553589},"size":0.9174585938453674,"orthographic":false}