{"cameraMode":{"drawMode":0,"name":"Shaded","section":"Shading Mode"},"sceneLighting":false,"audioPlay":false,"sceneViewState":{"showFog":true,"showMaterialUpdate":false,"showSkybox":true,"showFlares":true,"showImageEffects":true,"showParticleSystems":true},"in2DMode":false,"pivot":{"x":-0.026000002399086953,"y":1.7300000190734864,"z":3.066999912261963},"rotation":{"x":0.10121644288301468,"y":-0.10841984301805496,"z":0.011095859110355378,"w":0.9888767600059509},"size":0.7679150700569153,"orthographic":false}