{"cameraMode":{"drawMode":0,"name":"Shaded","section":"Shading Mode"},"sceneLighting":false,"audioPlay":false,"sceneViewState":{"showFog":true,"showMaterialUpdate":false,"showSkybox":true,"showFlares":true,"showImageEffects":true,"showParticleSystems":true},"in2DMode":false,"pivot":{"x":-1.0195491313934327,"y":0.2263721078634262,"z":-0.1476498246192932},"rotation":{"x":0.10121644288301468,"y":-0.10841984301805496,"z":0.011095859110355378,"w":0.9888767600059509},"size":5.03019905090332,"orthographic":false}