{"cameraMode":{"drawMode":0,"name":"Shaded","section":"Shading Mode"},"sceneLighting":true,"audioPlay":false,"sceneViewState":{"showFog":true,"showMaterialUpdate":false,"showSkybox":true,"showFlares":true,"showImageEffects":true,"showParticleSystems":true},"in2DMode":false,"pivot":{"x":1.6900416612625123,"y":1.7876020669937134,"z":0.7173424959182739},"rotation":{"x":-0.05328413099050522,"y":0.8285355567932129,"z":-0.08004793524742127,"w":-0.5516176819801331},"size":2.7671167850494386,"orthographic":false}