{"cameraMode":{"drawMode":0,"name":"Shaded","section":"Shading Mode"},"sceneLighting":false,"audioPlay":false,"sceneViewState":{"showFog":true,"showMaterialUpdate":false,"showSkybox":true,"showFlares":true,"showImageEffects":true,"showParticleSystems":true},"in2DMode":false,"pivot":{"x":-0.5609999895095825,"y":1.1399999856948853,"z":0.34700000286102297},"rotation":{"x":-0.009297522716224194,"y":-0.05037880688905716,"z":0.0004687718756031245,"w":-0.9986868500709534},"size":0.7679151892662048,"orthographic":false}